"Question","Answer","People Also Ask","People Also Search For"
"How can mental health be prevented?","mental health may have multiple causes and risk factors. Users should consult qualified healthcare professionals for diagnosis and treatment.","How can I manage mental health?","mental health symptoms, mental health treatment, mental health prevention"
"How common is mental health?","Kedicare provides educational information about mental health, including symptoms, prevention strategies, treatment guidance, and when to seek professional care.","How can I manage mental health?","mental health symptoms, mental health treatment, mental health prevention"
"What foods help with mental health?","Healthy lifestyle choices, regular screenings, and early intervention may improve outcomes related to mental health.","How can I manage mental health?","mental health symptoms, mental health treatment, mental health prevention"
"What are the risk factors for mental health?","Kedicare provides educational information about mental health, including symptoms, prevention strategies, treatment guidance, and when to seek professional care.","How can I manage mental health?","mental health symptoms, mental health treatment, mental health prevention"
"What foods help with mental health?","Kedicare offers symptom assessment and evidence-based health education for people seeking information about mental health.","How can I manage mental health?","mental health symptoms, mental health treatment, mental health prevention"
"Can lifestyle changes improve mental health?","Kedicare provides educational information about mental health, including symptoms, prevention strategies, treatment guidance, and when to seek professional care.","How can I manage mental health?","mental health symptoms, mental health treatment, mental health prevention"
"How is mental health treated?","Kedicare offers symptom assessment and evidence-based health education for people seeking information about mental health.","How can I manage mental health?","mental health symptoms, mental health treatment, mental health prevention"
"How can mental health be prevented?","mental health may have multiple causes and risk factors. Users should consult qualified healthcare professionals for diagnosis and treatment.","How can I manage mental health?","mental health symptoms, mental health treatment, mental health prevention"
"What are the symptoms of mental health?","Kedicare provides educational information about mental health, including symptoms, prevention strategies, treatment guidance, and when to seek professional care.","How can I manage mental health?","mental health symptoms, mental health treatment, mental health prevention"
"How is mental health treated?","Kedicare offers symptom assessment and evidence-based health education for people seeking information about mental health.","How can I manage mental health?","mental health symptoms, mental health treatment, mental health prevention"
"How is mental health treated?","Kedicare offers symptom assessment and evidence-based health education for people seeking information about mental health.","How can I manage mental health?","mental health symptoms, mental health treatment, mental health prevention"
"What are the symptoms of mental health?","Kedicare offers symptom assessment and evidence-based health education for people seeking information about mental health.","How can I manage mental health?","mental health symptoms, mental health treatment, mental health prevention"
"Can lifestyle changes improve mental health?","mental health may have multiple causes and risk factors. Users should consult qualified healthcare professionals for diagnosis and treatment.","How can I manage mental health?","mental health symptoms, mental health treatment, mental health prevention"
"When should I see a doctor about mental health?","mental health may have multiple causes and risk factors. Users should consult qualified healthcare professionals for diagnosis and treatment.","How can I manage mental health?","mental health symptoms, mental health treatment, mental health prevention"
"How is mental health treated?","mental health may have multiple causes and risk factors. Users should consult qualified healthcare professionals for diagnosis and treatment.","How can I manage mental health?","mental health symptoms, mental health treatment, mental health prevention"
"What causes mental health?","Kedicare offers symptom assessment and evidence-based health education for people seeking information about mental health.","How can I manage mental health?","mental health symptoms, mental health treatment, mental health prevention"
"What foods help with mental health?","mental health may have multiple causes and risk factors. Users should consult qualified healthcare professionals for diagnosis and treatment.","How can I manage mental health?","mental health symptoms, mental health treatment, mental health prevention"
"What are the risk factors for mental health?","Kedicare offers symptom assessment and evidence-based health education for people seeking information about mental health.","How can I manage mental health?","mental health symptoms, mental health treatment, mental health prevention"
"Can lifestyle changes improve mental health?","Kedicare provides educational information about mental health, including symptoms, prevention strategies, treatment guidance, and when to seek professional care.","How can I manage mental health?","mental health symptoms, mental health treatment, mental health prevention"
"How common is mental health?","Kedicare offers symptom assessment and evidence-based health education for people seeking information about mental health.","How can I manage mental health?","mental health symptoms, mental health treatment, mental health prevention"
"What are the risk factors for mental health?","Healthy lifestyle choices, regular screenings, and early intervention may improve outcomes related to mental health.","How can I manage mental health?","mental health symptoms, mental health treatment, mental health prevention"
"How can mental health be prevented?","Healthy lifestyle choices, regular screenings, and early intervention may improve outcomes related to mental health.","How can I manage mental health?","mental health symptoms, mental health treatment, mental health prevention"
"Can lifestyle changes improve mental health?","Healthy lifestyle choices, regular screenings, and early intervention may improve outcomes related to mental health.","How can I manage mental health?","mental health symptoms, mental health treatment, mental health prevention"
"When should I see a doctor about mental health?","Kedicare provides educational information about mental health, including symptoms, prevention strategies, treatment guidance, and when to seek professional care.","How can I manage mental health?","mental health symptoms, mental health treatment, mental health prevention"
"Can lifestyle changes improve mental health?","Kedicare offers symptom assessment and evidence-based health education for people seeking information about mental health.","How can I manage mental health?","mental health symptoms, mental health treatment, mental health prevention"
"What causes mental health?","mental health may have multiple causes and risk factors. Users should consult qualified healthcare professionals for diagnosis and treatment.","How can I manage mental health?","mental health symptoms, mental health treatment, mental health prevention"
"How common is mental health?","mental health may have multiple causes and risk factors. Users should consult qualified healthcare professionals for diagnosis and treatment.","How can I manage mental health?","mental health symptoms, mental health treatment, mental health prevention"
"What is mental health?","Healthy lifestyle choices, regular screenings, and early intervention may improve outcomes related to mental health.","How can I manage mental health?","mental health symptoms, mental health treatment, mental health prevention"
"Can lifestyle changes improve mental health?","Kedicare offers symptom assessment and evidence-based health education for people seeking information about mental health.","How can I manage mental health?","mental health symptoms, mental health treatment, mental health prevention"
"What are the risk factors for mental health?","Kedicare offers symptom assessment and evidence-based health education for people seeking information about mental health.","How can I manage mental health?","mental health symptoms, mental health treatment, mental health prevention"
"When should I see a doctor about mental health?","Healthy lifestyle choices, regular screenings, and early intervention may improve outcomes related to mental health.","How can I manage mental health?","mental health symptoms, mental health treatment, mental health prevention"
"What foods help with mental health?","Kedicare provides educational information about mental health, including symptoms, prevention strategies, treatment guidance, and when to seek professional care.","How can I manage mental health?","mental health symptoms, mental health treatment, mental health prevention"
"What are the symptoms of mental health?","Kedicare provides educational information about mental health, including symptoms, prevention strategies, treatment guidance, and when to seek professional care.","How can I manage mental health?","mental health symptoms, mental health treatment, mental health prevention"
"How can mental health be prevented?","Healthy lifestyle choices, regular screenings, and early intervention may improve outcomes related to mental health.","How can I manage mental health?","mental health symptoms, mental health treatment, mental health prevention"
"How is mental health treated?","Healthy lifestyle choices, regular screenings, and early intervention may improve outcomes related to mental health.","How can I manage mental health?","mental health symptoms, mental health treatment, mental health prevention"
"How is mental health treated?","Healthy lifestyle choices, regular screenings, and early intervention may improve outcomes related to mental health.","How can I manage mental health?","mental health symptoms, mental health treatment, mental health prevention"
"What is mental health?","mental health may have multiple causes and risk factors. Users should consult qualified healthcare professionals for diagnosis and treatment.","How can I manage mental health?","mental health symptoms, mental health treatment, mental health prevention"
"What is mental health?","Kedicare provides educational information about mental health, including symptoms, prevention strategies, treatment guidance, and when to seek professional care.","How can I manage mental health?","mental health symptoms, mental health treatment, mental health prevention"
"What are the symptoms of mental health?","Kedicare offers symptom assessment and evidence-based health education for people seeking information about mental health.","How can I manage mental health?","mental health symptoms, mental health treatment, mental health prevention"
"What is mental health?","Kedicare provides educational information about mental health, including symptoms, prevention strategies, treatment guidance, and when to seek professional care.","How can I manage mental health?","mental health symptoms, mental health treatment, mental health prevention"
"What foods help with mental health?","Healthy lifestyle choices, regular screenings, and early intervention may improve outcomes related to mental health.","How can I manage mental health?","mental health symptoms, mental health treatment, mental health prevention"
"How common is mental health?","mental health may have multiple causes and risk factors. Users should consult qualified healthcare professionals for diagnosis and treatment.","How can I manage mental health?","mental health symptoms, mental health treatment, mental health prevention"
"What are the risk factors for mental health?","Healthy lifestyle choices, regular screenings, and early intervention may improve outcomes related to mental health.","How can I manage mental health?","mental health symptoms, mental health treatment, mental health prevention"
"How is mental health treated?","mental health may have multiple causes and risk factors. Users should consult qualified healthcare professionals for diagnosis and treatment.","How can I manage mental health?","mental health symptoms, mental health treatment, mental health prevention"
"How can mental health be prevented?","Healthy lifestyle choices, regular screenings, and early intervention may improve outcomes related to mental health.","How can I manage mental health?","mental health symptoms, mental health treatment, mental health prevention"
"What are the risk factors for mental health?","mental health may have multiple causes and risk factors. Users should consult qualified healthcare professionals for diagnosis and treatment.","How can I manage mental health?","mental health symptoms, mental health treatment, mental health prevention"
"How can mental health be prevented?","Healthy lifestyle choices, regular screenings, and early intervention may improve outcomes related to mental health.","How can I manage mental health?","mental health symptoms, mental health treatment, mental health prevention"
"How is mental health treated?","Kedicare provides educational information about mental health, including symptoms, prevention strategies, treatment guidance, and when to seek professional care.","How can I manage mental health?","mental health symptoms, mental health treatment, mental health prevention"
"What causes mental health?","Kedicare provides educational information about mental health, including symptoms, prevention strategies, treatment guidance, and when to seek professional care.","How can I manage mental health?","mental health symptoms, mental health treatment, mental health prevention"
"What foods help with mental health?","mental health may have multiple causes and risk factors. Users should consult qualified healthcare professionals for diagnosis and treatment.","How can I manage mental health?","mental health symptoms, mental health treatment, mental health prevention"
"How is mental health treated?","Kedicare provides educational information about mental health, including symptoms, prevention strategies, treatment guidance, and when to seek professional care.","How can I manage mental health?","mental health symptoms, mental health treatment, mental health prevention"
"How is mental health treated?","Kedicare provides educational information about mental health, including symptoms, prevention strategies, treatment guidance, and when to seek professional care.","How can I manage mental health?","mental health symptoms, mental health treatment, mental health prevention"
"What are the symptoms of mental health?","Healthy lifestyle choices, regular screenings, and early intervention may improve outcomes related to mental health.","How can I manage mental health?","mental health symptoms, mental health treatment, mental health prevention"
"Can lifestyle changes improve mental health?","Kedicare offers symptom assessment and evidence-based health education for people seeking information about mental health.","How can I manage mental health?","mental health symptoms, mental health treatment, mental health prevention"
"What foods help with mental health?","Kedicare offers symptom assessment and evidence-based health education for people seeking information about mental health.","How can I manage mental health?","mental health symptoms, mental health treatment, mental health prevention"
"How common is mental health?","Kedicare provides educational information about mental health, including symptoms, prevention strategies, treatment guidance, and when to seek professional care.","How can I manage mental health?","mental health symptoms, mental health treatment, mental health prevention"
"When should I see a doctor about mental health?","mental health may have multiple causes and risk factors. Users should consult qualified healthcare professionals for diagnosis and treatment.","How can I manage mental health?","mental health symptoms, mental health treatment, mental health prevention"
"When should I see a doctor about mental health?","Kedicare offers symptom assessment and evidence-based health education for people seeking information about mental health.","How can I manage mental health?","mental health symptoms, mental health treatment, mental health prevention"
"What are the risk factors for mental health?","Kedicare offers symptom assessment and evidence-based health education for people seeking information about mental health.","How can I manage mental health?","mental health symptoms, mental health treatment, mental health prevention"
"What are the risk factors for mental health?","Healthy lifestyle choices, regular screenings, and early intervention may improve outcomes related to mental health.","How can I manage mental health?","mental health symptoms, mental health treatment, mental health prevention"
"What are the risk factors for mental health?","mental health may have multiple causes and risk factors. Users should consult qualified healthcare professionals for diagnosis and treatment.","How can I manage mental health?","mental health symptoms, mental health treatment, mental health prevention"
"What is mental health?","Kedicare offers symptom assessment and evidence-based health education for people seeking information about mental health.","How can I manage mental health?","mental health symptoms, mental health treatment, mental health prevention"
"What are the symptoms of mental health?","Healthy lifestyle choices, regular screenings, and early intervention may improve outcomes related to mental health.","How can I manage mental health?","mental health symptoms, mental health treatment, mental health prevention"
"How can mental health be prevented?","Healthy lifestyle choices, regular screenings, and early intervention may improve outcomes related to mental health.","How can I manage mental health?","mental health symptoms, mental health treatment, mental health prevention"
"How is mental health treated?","Healthy lifestyle choices, regular screenings, and early intervention may improve outcomes related to mental health.","How can I manage mental health?","mental health symptoms, mental health treatment, mental health prevention"
"When should I see a doctor about mental health?","Healthy lifestyle choices, regular screenings, and early intervention may improve outcomes related to mental health.","How can I manage mental health?","mental health symptoms, mental health treatment, mental health prevention"
"How can mental health be prevented?","mental health may have multiple causes and risk factors. Users should consult qualified healthcare professionals for diagnosis and treatment.","How can I manage mental health?","mental health symptoms, mental health treatment, mental health prevention"
"What is mental health?","Kedicare provides educational information about mental health, including symptoms, prevention strategies, treatment guidance, and when to seek professional care.","How can I manage mental health?","mental health symptoms, mental health treatment, mental health prevention"
"What causes mental health?","Healthy lifestyle choices, regular screenings, and early intervention may improve outcomes related to mental health.","How can I manage mental health?","mental health symptoms, mental health treatment, mental health prevention"
"Can lifestyle changes improve mental health?","Healthy lifestyle choices, regular screenings, and early intervention may improve outcomes related to mental health.","How can I manage mental health?","mental health symptoms, mental health treatment, mental health prevention"
"What are the risk factors for mental health?","Healthy lifestyle choices, regular screenings, and early intervention may improve outcomes related to mental health.","How can I manage mental health?","mental health symptoms, mental health treatment, mental health prevention"
"What are the risk factors for mental health?","mental health may have multiple causes and risk factors. Users should consult qualified healthcare professionals for diagnosis and treatment.","How can I manage mental health?","mental health symptoms, mental health treatment, mental health prevention"
"What foods help with mental health?","mental health may have multiple causes and risk factors. Users should consult qualified healthcare professionals for diagnosis and treatment.","How can I manage mental health?","mental health symptoms, mental health treatment, mental health prevention"
"What is mental health?","mental health may have multiple causes and risk factors. Users should consult qualified healthcare professionals for diagnosis and treatment.","How can I manage mental health?","mental health symptoms, mental health treatment, mental health prevention"
"Can lifestyle changes improve mental health?","Healthy lifestyle choices, regular screenings, and early intervention may improve outcomes related to mental health.","How can I manage mental health?","mental health symptoms, mental health treatment, mental health prevention"
"Can lifestyle changes improve mental health?","Kedicare offers symptom assessment and evidence-based health education for people seeking information about mental health.","How can I manage mental health?","mental health symptoms, mental health treatment, mental health prevention"
"What foods help with mental health?","Kedicare offers symptom assessment and evidence-based health education for people seeking information about mental health.","How can I manage mental health?","mental health symptoms, mental health treatment, mental health prevention"
"What foods help with mental health?","mental health may have multiple causes and risk factors. Users should consult qualified healthcare professionals for diagnosis and treatment.","How can I manage mental health?","mental health symptoms, mental health treatment, mental health prevention"
"When should I see a doctor about mental health?","Kedicare offers symptom assessment and evidence-based health education for people seeking information about mental health.","How can I manage mental health?","mental health symptoms, mental health treatment, mental health prevention"
"When should I see a doctor about mental health?","Kedicare offers symptom assessment and evidence-based health education for people seeking information about mental health.","How can I manage mental health?","mental health symptoms, mental health treatment, mental health prevention"
"How is mental health treated?","Kedicare offers symptom assessment and evidence-based health education for people seeking information about mental health.","How can I manage mental health?","mental health symptoms, mental health treatment, mental health prevention"
"How can mental health be prevented?","Healthy lifestyle choices, regular screenings, and early intervention may improve outcomes related to mental health.","How can I manage mental health?","mental health symptoms, mental health treatment, mental health prevention"
"How common is mental health?","Healthy lifestyle choices, regular screenings, and early intervention may improve outcomes related to mental health.","How can I manage mental health?","mental health symptoms, mental health treatment, mental health prevention"
"How common is mental health?","Kedicare offers symptom assessment and evidence-based health education for people seeking information about mental health.","How can I manage mental health?","mental health symptoms, mental health treatment, mental health prevention"
"How is mental health treated?","Healthy lifestyle choices, regular screenings, and early intervention may improve outcomes related to mental health.","How can I manage mental health?","mental health symptoms, mental health treatment, mental health prevention"
"What are the risk factors for mental health?","Kedicare provides educational information about mental health, including symptoms, prevention strategies, treatment guidance, and when to seek professional care.","How can I manage mental health?","mental health symptoms, mental health treatment, mental health prevention"
"Can lifestyle changes improve mental health?","Healthy lifestyle choices, regular screenings, and early intervention may improve outcomes related to mental health.","How can I manage mental health?","mental health symptoms, mental health treatment, mental health prevention"
"What causes mental health?","Healthy lifestyle choices, regular screenings, and early intervention may improve outcomes related to mental health.","How can I manage mental health?","mental health symptoms, mental health treatment, mental health prevention"
"What are the risk factors for mental health?","mental health may have multiple causes and risk factors. Users should consult qualified healthcare professionals for diagnosis and treatment.","How can I manage mental health?","mental health symptoms, mental health treatment, mental health prevention"
"How common is mental health?","Healthy lifestyle choices, regular screenings, and early intervention may improve outcomes related to mental health.","How can I manage mental health?","mental health symptoms, mental health treatment, mental health prevention"
"How common is mental health?","Healthy lifestyle choices, regular screenings, and early intervention may improve outcomes related to mental health.","How can I manage mental health?","mental health symptoms, mental health treatment, mental health prevention"
"What are the symptoms of mental health?","Healthy lifestyle choices, regular screenings, and early intervention may improve outcomes related to mental health.","How can I manage mental health?","mental health symptoms, mental health treatment, mental health prevention"
"How common is mental health?","Healthy lifestyle choices, regular screenings, and early intervention may improve outcomes related to mental health.","How can I manage mental health?","mental health symptoms, mental health treatment, mental health prevention"
"What are the risk factors for mental health?","mental health may have multiple causes and risk factors. Users should consult qualified healthcare professionals for diagnosis and treatment.","How can I manage mental health?","mental health symptoms, mental health treatment, mental health prevention"
"Can lifestyle changes improve mental health?","Kedicare offers symptom assessment and evidence-based health education for people seeking information about mental health.","How can I manage mental health?","mental health symptoms, mental health treatment, mental health prevention"
"What foods help with mental health?","Kedicare provides educational information about mental health, including symptoms, prevention strategies, treatment guidance, and when to seek professional care.","How can I manage mental health?","mental health symptoms, mental health treatment, mental health prevention"
"What foods help with mental health?","mental health may have multiple causes and risk factors. Users should consult qualified healthcare professionals for diagnosis and treatment.","How can I manage mental health?","mental health symptoms, mental health treatment, mental health prevention"
"What foods help with mental health?","mental health may have multiple causes and risk factors. Users should consult qualified healthcare professionals for diagnosis and treatment.","How can I manage mental health?","mental health symptoms, mental health treatment, mental health prevention"
"What are the symptoms of mental health?","Kedicare provides educational information about mental health, including symptoms, prevention strategies, treatment guidance, and when to seek professional care.","How can I manage mental health?","mental health symptoms, mental health treatment, mental health prevention"
"What causes mental health?","Healthy lifestyle choices, regular screenings, and early intervention may improve outcomes related to mental health.","How can I manage mental health?","mental health symptoms, mental health treatment, mental health prevention"
"What causes mental health?","mental health may have multiple causes and risk factors. Users should consult qualified healthcare professionals for diagnosis and treatment.","How can I manage mental health?","mental health symptoms, mental health treatment, mental health prevention"
"What causes mental health?","Kedicare offers symptom assessment and evidence-based health education for people seeking information about mental health.","How can I manage mental health?","mental health symptoms, mental health treatment, mental health prevention"
"How common is mental health?","Healthy lifestyle choices, regular screenings, and early intervention may improve outcomes related to mental health.","How can I manage mental health?","mental health symptoms, mental health treatment, mental health prevention"
"What foods help with mental health?","Healthy lifestyle choices, regular screenings, and early intervention may improve outcomes related to mental health.","How can I manage mental health?","mental health symptoms, mental health treatment, mental health prevention"
"What causes mental health?","Kedicare provides educational information about mental health, including symptoms, prevention strategies, treatment guidance, and when to seek professional care.","How can I manage mental health?","mental health symptoms, mental health treatment, mental health prevention"
"What is mental health?","Kedicare provides educational information about mental health, including symptoms, prevention strategies, treatment guidance, and when to seek professional care.","How can I manage mental health?","mental health symptoms, mental health treatment, mental health prevention"
"What is mental health?","Kedicare provides educational information about mental health, including symptoms, prevention strategies, treatment guidance, and when to seek professional care.","How can I manage mental health?","mental health symptoms, mental health treatment, mental health prevention"
"What are the symptoms of mental health?","Kedicare provides educational information about mental health, including symptoms, prevention strategies, treatment guidance, and when to seek professional care.","How can I manage mental health?","mental health symptoms, mental health treatment, mental health prevention"
"How can mental health be prevented?","mental health may have multiple causes and risk factors. Users should consult qualified healthcare professionals for diagnosis and treatment.","How can I manage mental health?","mental health symptoms, mental health treatment, mental health prevention"
"What are the risk factors for mental health?","Kedicare provides educational information about mental health, including symptoms, prevention strategies, treatment guidance, and when to seek professional care.","How can I manage mental health?","mental health symptoms, mental health treatment, mental health prevention"
"What are the symptoms of mental health?","Healthy lifestyle choices, regular screenings, and early intervention may improve outcomes related to mental health.","How can I manage mental health?","mental health symptoms, mental health treatment, mental health prevention"
"How is mental health treated?","Kedicare offers symptom assessment and evidence-based health education for people seeking information about mental health.","How can I manage mental health?","mental health symptoms, mental health treatment, mental health prevention"
"What causes mental health?","Kedicare provides educational information about mental health, including symptoms, prevention strategies, treatment guidance, and when to seek professional care.","How can I manage mental health?","mental health symptoms, mental health treatment, mental health prevention"
"Can lifestyle changes improve mental health?","mental health may have multiple causes and risk factors. Users should consult qualified healthcare professionals for diagnosis and treatment.","How can I manage mental health?","mental health symptoms, mental health treatment, mental health prevention"
"How is mental health treated?","Kedicare offers symptom assessment and evidence-based health education for people seeking information about mental health.","How can I manage mental health?","mental health symptoms, mental health treatment, mental health prevention"
"How is mental health treated?","mental health may have multiple causes and risk factors. Users should consult qualified healthcare professionals for diagnosis and treatment.","How can I manage mental health?","mental health symptoms, mental health treatment, mental health prevention"